-- Fixed UUIDs for reproducible demos and tests
-- Organizations
INSERT INTO organizations (id, name, slug) VALUES
  ('11111111-1111-1111-1111-111111111101', 'Desert Crown Properties', 'desert-crown'),
  ('11111111-1111-1111-1111-111111111102', 'Marina Vista Holdings', 'marina-vista');

-- Users
INSERT INTO users (id, organization_id, email, full_name, role) VALUES
  ('22222222-2222-2222-2222-222222222201', '11111111-1111-1111-1111-111111111101', 'admin@desertcrown.ae', 'Fatima Al Maktoum', 'admin'),
  ('22222222-2222-2222-2222-222222222202', '11111111-1111-1111-1111-111111111101', 'manager@desertcrown.ae', 'Omar Hassan', 'manager'),
  ('22222222-2222-2222-2222-222222222211', '11111111-1111-1111-1111-111111111102', 'admin@marinavista.ae', 'Sara Al Nahyan', 'admin'),
  ('22222222-2222-2222-2222-222222222212', '11111111-1111-1111-1111-111111111102', 'agent@marinavista.ae', 'James Reid', 'agent');

-- Properties
INSERT INTO properties (id, organization_id, name, location, unit_count, base_rent_aed) VALUES
  ('33333333-3333-3333-3333-333333333301', '11111111-1111-1111-1111-111111111101', 'Palm Heights Tower', 'Dubai Marina', 48, 12000),
  ('33333333-3333-3333-3333-333333333302', '11111111-1111-1111-1111-111111111101', 'Desert Oasis Villas', 'Arabian Ranches', 24, 18500),
  ('33333333-3333-3333-3333-333333333311', '11111111-1111-1111-1111-111111111102', 'Marina Bay Residences', 'Dubai Marina', 120, 14500),
  ('33333333-3333-3333-3333-333333333312', '11111111-1111-1111-1111-111111111102', 'Creek View Apartments', 'Dubai Creek Harbour', 64, 9800);

-- Tenants
INSERT INTO tenants (id, organization_id, property_id, full_name, email, lease_start, lease_end, monthly_rent_aed) VALUES
  ('44444444-4444-4444-4444-444444444401', '11111111-1111-1111-1111-111111111101', '33333333-3333-3333-3333-333333333301', 'Ahmed Khan', 'ahmed.k@email.ae', '2025-01-01', '2026-12-31', 12500),
  ('44444444-4444-4444-4444-444444444402', '11111111-1111-1111-1111-111111111101', '33333333-3333-3333-3333-333333333302', 'Layla Mansour', 'layla.m@email.ae', '2024-06-01', '2025-05-31', 19000),
  ('44444444-4444-4444-4444-444444444411', '11111111-1111-1111-1111-111111111102', '33333333-3333-3333-3333-333333333311', 'Priya Sharma', 'priya.s@email.ae', '2025-03-01', '2026-02-28', 15000),
  ('44444444-4444-4444-4444-444444444412', '11111111-1111-1111-1111-111111111102', '33333333-3333-3333-3333-333333333312', 'Michael O''Brien', 'm.obrien@email.ae', '2024-09-01', '2025-08-31', 10200);

-- Invoices
INSERT INTO invoices (id, organization_id, tenant_id, amount_aed, status, due_date) VALUES
  ('55555555-5555-5555-5555-555555555501', '11111111-1111-1111-1111-111111111101', '44444444-4444-4444-4444-444444444401', 12500, 'paid', '2026-04-01'),
  ('55555555-5555-5555-5555-555555555502', '11111111-1111-1111-1111-111111111101', '44444444-4444-4444-4444-444444444402', 19000, 'pending', '2026-05-01'),
  ('55555555-5555-5555-5555-555555555511', '11111111-1111-1111-1111-111111111102', '44444444-4444-4444-4444-444444444411', 15000, 'overdue', '2026-03-01'),
  ('55555555-5555-5555-5555-555555555512', '11111111-1111-1111-1111-111111111102', '44444444-4444-4444-4444-444444444412', 10200, 'paid', '2026-04-15');
